    <beans xmlns="http://www.springframework.org/schema/beans"
	xmlns:xsi="http://www.w3.org/2001/XMLSchema-instance" xmlns:context="http://www.springframework.org/schema/context"
	xsi:schemaLocation="http://www.springframework.org/schema/beans
     http://www.springframework.org/schema/beans/spring-beans-4.0.xsd
     http://www.springframework.org/schema/context
     http://www.springframework.org/schema/context/spring-context-4.0.xsd">
	
<bean id="sbu" class="com.cg.entities.Sbu">
<property name="sbuCode" value="PES-BU"/>
<property name="sbuName" value="Product Engineering services"/>
<property name="sbuHead" value="Kiran Rao"/>
<property name="empList">

<list><!-- list is add list thats why bean is used -->
   <bean  class="com.cg.entities.Employee" >
     <property name="employeeId" value="101"/>
      <property name="employeeName" value="Rana"/>
      <property name="salary" value="12222.00"/>
   </bean>
   <bean class="com.cg.entities.Employee">
       <property name="employeeId" value="101"/>
      <property name="employeeName" value="Rana"/>
      <property name="salary" value="12222.00"/>
    </bean>
</list>
</property>
</bean>
</beans>
