<beans xmlns="http://www.springframework.org/schema/beans"
	xmlns:xsi="http://www.w3.org/2001/XMLSchema-instance" xmlns:context="http://www.springframework.org/schema/context"
	xsi:schemaLocation="http://www.springframework.org/schema/beans
     http://www.springframework.org/schema/beans/spring-beans-4.0.xsd
     http://www.springframework.org/schema/context
     http://www.springframework.org/schema/context/spring-context-4.0.xsd">
	
<context:component-scan base-package="com.cg.demo"/>
 <bean id="sbu" class="com.cg.entities.Sbu">	 
 <property name="sbuId" value="101"/><!--calling setter method for object address-->
<property name="sbuName" value="XXYYZZ"/><!--setter injection because values are inserted using setter methods-->
<property name="sbuHead" value="AABBCC"/>
</bean>
<bean id="hBean" class="com.cg.entities.Employee"> 
<property name="employeeId" value="100001"/><!--calling setter method for object address-->
<property name="employeeName" value="Divi"/><!--setter injection because values are inserted using setter methods -->
<property name="salary" value="100000"/>
<property name="age" value="22"/>
<property name="businessUnit" ref="sbu"/>
</bean>
</beans>
